{
  "Colon": {
    "default": {
      "accs": [
        53.84615384615385,
        53.84615384615385,
        69.23076923076923,
        76.92307692307693,
        76.92307692307693,
        61.53846153846154,
        53.84615384615385,
        46.15384615384615,
        76.92307692307693,
        69.23076923076923
      ],
      "feats": [
        35,
        22,
        7,
        22,
        39,
        4,
        14,
        13,
        11,
        12
      ],
      "mean": 63.846153846153854,
      "std": 10.905728368275254,
      "mean_feats": 17.9,
      "time": 34.6,
      "params": {
        "NSch": 0.8,
        "CHr": 0.01,
        "Ct": 500,
        "Nt": 50
      }
    },
    "manual": {
      "accs": [
        69.23076923076923,
        46.15384615384615,
        76.92307692307693,
        61.53846153846154,
        53.84615384615385,
        53.84615384615385,
        69.23076923076923,
        46.15384615384615,
        46.15384615384615,
        61.53846153846154
      ],
      "feats": [
        33,
        119,
        45,
        18,
        54,
        198,
        23,
        238,
        232,
        32
      ],
      "mean": 58.46153846153847,
      "std": 10.43435382019272,
      "mean_feats": 99.2,
      "time": 30.4,
      "params": {
        "NSch": 0.2,
        "CHr": 0.01,
        "Ct": 500,
        "Nt": 300
      }
    },
    "optuna": {
      "accs": [
        61.53846153846154,
        61.53846153846154,
        61.53846153846154,
        69.23076923076923,
        53.84615384615385,
        76.92307692307693,
        76.92307692307693,
        61.53846153846154,
        76.92307692307693,
        53.84615384615385
      ],
      "feats": [
        46,
        16,
        34,
        5,
        32,
        7,
        15,
        9,
        42,
        18
      ],
      "mean": 65.38461538461539,
      "std": 8.600261451922272,
      "mean_feats": 22.4,
      "time": 169.1,
      "params": {
        "NSch": 0.6865770140742634,
        "CHr": 0.005676423518875977,
        "Ct": 566,
        "Nt": 73
      }
    },
    "wilcoxon": {
      "default_vs_manual": {
        "p": 0.40625,
        "sig": false
      },
      "default_vs_optuna": {
        "p": 0.6796875,
        "sig": false
      },
      "manual_vs_optuna": {
        "p": 0.21484375,
        "sig": false
      }
    }
  },
  "GLIOMA": {
    "default": {
      "accs": [
        70.0,
        50.0,
        90.0,
        70.0,
        80.0,
        70.0,
        80.0,
        90.0,
        60.0,
        80.0
      ],
      "feats": [
        26,
        18,
        41,
        29,
        11,
        17,
        26,
        7,
        12,
        13
      ],
      "mean": 74.0,
      "std": 12.0,
      "mean_feats": 20.0,
      "time": 30.9,
      "params": {
        "NSch": 0.8,
        "CHr": 0.01,
        "Ct": 500,
        "Nt": 50
      }
    },
    "manual": {
      "accs": [
        80.0,
        80.0,
        80.0,
        90.0,
        90.0,
        80.0,
        90.0,
        90.0,
        100.0,
        70.0
      ],
      "feats": [
        14,
        71,
        160,
        166,
        168,
        48,
        65,
        69,
        116,
        28
      ],
      "mean": 85.0,
      "std": 8.06225774829855,
      "mean_feats": 90.5,
      "time": 30.3,
      "params": {
        "NSch": 0.2,
        "CHr": 0.01,
        "Ct": 500,
        "Nt": 300
      }
    },
    "optuna": {
      "accs": [
        40.0,
        90.0,
        50.0,
        80.0,
        70.0,
        80.0,
        70.0,
        80.0,
        70.0,
        60.0
      ],
      "feats": [
        9,
        58,
        24,
        25,
        52,
        50,
        33,
        35,
        12,
        23
      ],
      "mean": 69.0,
      "std": 14.45683229480096,
      "mean_feats": 32.1,
      "time": 176.8,
      "params": {
        "NSch": 0.8109820325008418,
        "CHr": 0.15100509580699642,
        "Ct": 741,
        "Nt": 71
      }
    },
    "wilcoxon": {
      "default_vs_manual": {
        "p": 0.08984375,
        "sig": false
      },
      "default_vs_optuna": {
        "p": 0.498046875,
        "sig": false
      },
      "manual_vs_optuna": {
        "p": 0.01953125,
        "sig": true
      }
    }
  },
  "CNS": {
    "default": {
      "accs": [
        58.333333333333336,
        58.333333333333336,
        50.0,
        41.66666666666667,
        50.0,
        41.66666666666667,
        50.0,
        58.333333333333336,
        50.0,
        41.66666666666667
      ],
      "feats": [
        29,
        22,
        37,
        25,
        36,
        24,
        7,
        11,
        31,
        9
      ],
      "mean": 50.00000000000001,
      "std": 6.454972243679027,
      "mean_feats": 23.1,
      "time": 32.2,
      "params": {
        "NSch": 0.8,
        "CHr": 0.01,
        "Ct": 500,
        "Nt": 50
      }
    },
    "manual": {
      "accs": [
        66.66666666666666,
        58.333333333333336,
        50.0,
        58.333333333333336,
        33.33333333333333,
        75.0,
        41.66666666666667,
        66.66666666666666,
        58.333333333333336,
        58.333333333333336
      ],
      "feats": [
        50,
        102,
        138,
        59,
        41,
        56,
        272,
        178,
        24,
        208
      ],
      "mean": 56.666666666666664,
      "std": 11.666666666666666,
      "mean_feats": 112.8,
      "time": 30.5,
      "params": {
        "NSch": 0.2,
        "CHr": 0.01,
        "Ct": 500,
        "Nt": 300
      }
    },
    "optuna": {
      "accs": [
        50.0,
        66.66666666666666,
        41.66666666666667,
        75.0,
        33.33333333333333,
        50.0,
        58.333333333333336,
        58.333333333333336,
        50.0,
        41.66666666666667
      ],
      "feats": [
        6,
        16,
        28,
        9,
        8,
        14,
        33,
        12,
        6,
        9
      ],
      "mean": 52.5,
      "std": 11.81453906563152,
      "mean_feats": 14.1,
      "time": 186.1,
      "params": {
        "NSch": 0.7661098935409814,
        "CHr": 0.022220973071257113,
        "Ct": 850,
        "Nt": 54
      }
    },
    "wilcoxon": {
      "default_vs_manual": {
        "p": 0.3125,
        "sig": false
      },
      "default_vs_optuna": {
        "p": 0.921875,
        "sig": false
      },
      "manual_vs_optuna": {
        "p": 0.44921875,
        "sig": false
      }
    }
  }
}