{
  "mean_acc": 97.56410256410257,
  "std_acc": 2.435897435897438,
  "best_acc": 100.0,
  "worst_acc": 95.12820512820512,
  "mean_nfeats": 41.0,
  "BestCost_last_row": [
    95.12820512820512,
    100.0
  ]
}