{
  "mean_acc": 97.98717948717949,
  "std_acc": 2.382949054780016,
  "best_acc": 100.0,
  "worst_acc": 90.38461538461539,
  "mean_nfeats": 24.1,
  "BestCost_last_row": [
    98.46153846153847,
    96.79487179487181,
    98.46153846153847,
    100.0,
    100.0,
    100.0,
    93.84615384615384,
    100.0,
    93.71794871794872,
    100.0,
    96.92307692307693,
    98.33333333333334,
    95.12820512820512,
    98.46153846153847,
    98.46153846153847,
    95.25641025641025,
    98.33333333333334,
    98.33333333333331,
    96.79487179487178,
    100.0,
    100.0,
    100.0,
    100.0,
    100.0,
    98.33333333333331,
    100.0,
    100.0,
    98.33333333333334,
    95.25641025641025,
    90.38461538461539
  ]
}